{
	"credit": "@LunaAF",
	"texture_size": [64, 64],
	"textures": {
		"0": "item/bow",
		"particle": "item/bow"
	},
	"elements": [
		{
			"from": [7.025, 2, 7],
			"to": [7.975, 8, 8],
			"rotation": {"angle": 0, "axis": "y", "origin": [-0.5, 0, 0]},
			"faces": {
				"north": {"uv": [0, 0, 0.25, 3], "texture": "#0"},
				"east": {"uv": [0.5, 0, 0, 3], "texture": "#0"},
				"south": {"uv": [0.25, 0, 0.5, 3], "texture": "#0"},
				"west": {"uv": [0, 0, 0.5, 3], "texture": "#0"},
				"up": {"uv": [1.25, 1.75, 0.75, 2], "rotation": 180, "texture": "#0"},
				"down": {"uv": [1.25, 1.75, 0.75, 2], "rotation": 180, "texture": "#0"}
			}
		},
		{
			"from": [7, 8.25, 5.4],
			"to": [8, 12.25, 6.4],
			"rotation": {"angle": -45, "axis": "x", "origin": [7.5, 10, 7.5]},
			"faces": {
				"north": {"uv": [0.75, 0, 1, 2], "texture": "#0"},
				"east": {"uv": [1.25, 0, 0.75, 2], "texture": "#0"},
				"south": {"uv": [1, 0, 1.25, 2], "texture": "#0"},
				"west": {"uv": [0.75, 0, 1.25, 2], "texture": "#0"},
				"up": {"uv": [0.75, 0, 1.25, 0.25], "texture": "#0"},
				"down": {"uv": [1.25, 1.75, 0.75, 2], "rotation": 180, "texture": "#0"}
			}
		},
		{
			"from": [7, 10.4, 5.9],
			"to": [8, 11.4, 11.9],
			"rotation": {"angle": -22.5, "axis": "x", "origin": [7.5, 9.15, 7]},
			"faces": {
				"north": {"uv": [2, 3, 1.5, 2.75], "rotation": 270, "texture": "#0"},
				"east": {"uv": [2, 0, 1.5, 3], "rotation": 270, "texture": "#0"},
				"south": {"uv": [1.5, 0, 2, 0.5], "texture": "#0"},
				"west": {"uv": [2, 3, 1.5, 0], "rotation": 270, "texture": "#0"},
				"up": {"uv": [1.75, 0, 1.5, 3], "rotation": 180, "texture": "#0"},
				"down": {"uv": [2, 3, 1.75, 0], "rotation": 180, "texture": "#0"}
			}
		},
		{
			"from": [7, -2.53954, 5.44042],
			"to": [8, -1.53954, 11.44042],
			"rotation": {"angle": 22.5, "axis": "x", "origin": [7.5, -0.85623, 9.72903]},
			"faces": {
				"north": {"uv": [2, 3, 1.5, 2.75], "rotation": 90, "texture": "#0"},
				"east": {"uv": [2, 3, 1.5, 0], "rotation": 90, "texture": "#0"},
				"south": {"uv": [1.5, 0, 2, 0.5], "rotation": 180, "texture": "#0"},
				"west": {"uv": [2, 0, 1.5, 3], "rotation": 90, "texture": "#0"},
				"up": {"uv": [2, 3, 1.75, 0], "texture": "#0"},
				"down": {"uv": [1.75, 0, 1.5, 3], "texture": "#0"}
			}
		},
		{
			"from": [7, -2.25, 5.4],
			"to": [8, 1.75, 6.4],
			"rotation": {"angle": 45, "axis": "x", "origin": [7.5, 0, 7.5]},
			"faces": {
				"north": {"uv": [0.75, 0, 1, 2], "rotation": 180, "texture": "#0"},
				"east": {"uv": [0.75, 0, 1.25, 2], "rotation": 180, "texture": "#0"},
				"south": {"uv": [1, 0, 1.25, 2], "rotation": 180, "texture": "#0"},
				"west": {"uv": [1.25, 0, 0.75, 2], "rotation": 180, "texture": "#0"},
				"up": {"uv": [1.25, 1.75, 0.75, 2], "rotation": 180, "texture": "#0"},
				"down": {"uv": [0.75, 0, 1.25, 0.25], "rotation": 180, "texture": "#0"}
			}
		},
		{
			"from": [6.75, 7.5, 5.7],
			"to": [8.25, 8, 8.2],
			"rotation": {"angle": -22.5, "axis": "x", "origin": [8, 8, 7.85]},
			"faces": {
				"north": {"uv": [3.5, 0.5, 4.25, 0.75], "texture": "#0"},
				"east": {"uv": [3.5, 0, 4.75, 0.25], "texture": "#0"},
				"south": {"uv": [3.5, 0.5, 4.25, 0.75], "texture": "#0"},
				"west": {"uv": [3.5, 0, 4.75, 0.25], "texture": "#0"},
				"up": {"uv": [3.5, 1, 4.75, 1.75], "rotation": 90, "texture": "#0"},
				"down": {"uv": [3.5, 1, 4.75, 1.75], "rotation": 90, "texture": "#0"}
			}
		},
		{
			"from": [6.75, 2, 5.9],
			"to": [8.25, 2.5, 8.4],
			"rotation": {"angle": 22.5, "axis": "x", "origin": [8, 2.5, 8.05]},
			"faces": {
				"north": {"uv": [3.5, 0.5, 4.25, 0.75], "texture": "#0"},
				"east": {"uv": [3.5, 0, 4.75, 0.25], "texture": "#0"},
				"south": {"uv": [3.5, 0.5, 4.25, 0.75], "texture": "#0"},
				"west": {"uv": [3.5, 0, 4.75, 0.25], "texture": "#0"},
				"up": {"uv": [3.5, 1, 4.75, 1.75], "rotation": 90, "texture": "#0"},
				"down": {"uv": [3.5, 1, 4.75, 1.75], "rotation": 90, "texture": "#0"}
			}
		},
		{
			"from": [7.5, 11.5, 10],
			"to": [7.5, 12.5, 12],
			"rotation": {"angle": -22.5, "axis": "x", "origin": [7.5, 13.5, 10]},
			"faces": {
				"north": {"uv": [0, 0, 0, 1], "texture": "#missing"},
				"east": {"uv": [3.25, 1, 2.75, 0], "rotation": 90, "texture": "#0"},
				"south": {"uv": [0, 0, 0, 1], "texture": "#missing"},
				"west": {"uv": [3.25, 0, 2.75, 1], "rotation": 90, "texture": "#0"},
				"up": {"uv": [0, 0, 0, 2], "texture": "#missing"},
				"down": {"uv": [0, 0, 0, 2], "texture": "#missing"}
			}
		},
		{
			"from": [7.5, 13.25, 10.75],
			"to": [7.5, 15.25, 11.75],
			"rotation": {"angle": 22.5, "axis": "x", "origin": [7.5, 14.5, 10]},
			"faces": {
				"north": {"uv": [0, 0, 0, 2], "rotation": 180, "texture": "#missing"},
				"east": {"uv": [3.25, 1, 2.75, 0], "rotation": 180, "texture": "#0"},
				"south": {"uv": [0, 0, 0, 2], "texture": "#missing"},
				"west": {"uv": [3.25, 0, 2.75, 1], "texture": "#0"},
				"up": {"uv": [0, 0, 0, 1], "texture": "#missing"},
				"down": {"uv": [0, 0, 0, 1], "rotation": 180, "texture": "#missing"}
			}
		},
		{
			"from": [6.75, 3.25, 6.1],
			"to": [8.25, 6.75, 6.1],
			"rotation": {"angle": 0, "axis": "y", "origin": [6.75, 3.25, 6.1]},
			"faces": {
				"north": {"uv": [5, 0, 5.75, 1.75], "texture": "#0"},
				"east": {"uv": [0, 0, 0, 0.875], "texture": "#missing"},
				"south": {"uv": [5, 0, 5.75, 1.75], "texture": "#0"},
				"west": {"uv": [0, 0, 0, 0.875], "texture": "#missing"},
				"up": {"uv": [0, 0, 0.375, 0], "texture": "#missing"},
				"down": {"uv": [0, 0, 0.375, 0], "texture": "#missing"}
			}
		},
		{
			"from": [7.25, 10.1, 4],
			"to": [7.75, 10.6, 12],
			"rotation": {"angle": -22.5, "axis": "x", "origin": [7.25, 9, 4.5]},
			"faces": {
				"north": {"uv": [2.5, 4.5, 2.25, 4.5], "texture": "#0"},
				"east": {"uv": [2.5, 4.5, 2.25, 0], "rotation": 90, "texture": "#0"},
				"south": {"uv": [2.5, 0.25, 2.25, 0], "rotation": 180, "texture": "#0"},
				"west": {"uv": [2.5, 4.5, 2.25, 0], "rotation": 270, "texture": "#0"},
				"up": {"uv": [2.5, 4.5, 2.25, 0], "texture": "#0"},
				"down": {"uv": [2.5, 4.5, 2.25, 0], "rotation": 180, "texture": "#0"}
			}
		},
		{
			"from": [7.25, -2.70767, 3.67332],
			"to": [7.75, -2.20767, 11.67332],
			"rotation": {"angle": 22.5, "axis": "x", "origin": [7.5, -0.85623, 9.72903]},
			"faces": {
				"north": {"uv": [2.5, 4.5, 2.25, 4.5], "rotation": 180, "texture": "#0"},
				"east": {"uv": [2.5, 4.5, 2.25, 0], "rotation": 90, "texture": "#0"},
				"south": {"uv": [2.5, 0.25, 2.25, 0], "texture": "#0"},
				"west": {"uv": [2.5, 4.5, 2.25, 0], "rotation": 270, "texture": "#0"},
				"up": {"uv": [2.5, 4.5, 2.25, 0], "texture": "#0"},
				"down": {"uv": [2.5, 4.5, 2.25, 0], "rotation": 180, "texture": "#0"}
			}
		},
		{
			"from": [7.5, -5.04164, 9.34933],
			"to": [7.5, -3.04164, 10.34933],
			"rotation": {"angle": -22.5, "axis": "x", "origin": [7.5, -0.85623, 9.72903]},
			"faces": {
				"north": {"uv": [0, 0, 0, 2], "texture": "#missing"},
				"east": {"uv": [3.25, 0, 2.75, 1], "rotation": 180, "texture": "#0"},
				"south": {"uv": [0, 0, 0, 2], "rotation": 180, "texture": "#missing"},
				"west": {"uv": [3.25, 1, 2.75, 0], "texture": "#0"},
				"up": {"uv": [0, 0, 0, 1], "texture": "#missing"},
				"down": {"uv": [0, 0, 0, 1], "rotation": 180, "texture": "#missing"}
			}
		},
		{
			"from": [7.5, -2.16037, 10.97673],
			"to": [7.5, -1.16037, 12.97673],
			"rotation": {"angle": 22.5, "axis": "x", "origin": [7.5, -0.85623, 9.72903]},
			"faces": {
				"north": {"uv": [0, 0, 0, 1], "rotation": 180, "texture": "#missing"},
				"east": {"uv": [3.25, 0, 2.75, 1], "rotation": 270, "texture": "#0"},
				"south": {"uv": [0, 0, 0, 1], "rotation": 180, "texture": "#missing"},
				"west": {"uv": [3.25, 1, 2.75, 0], "rotation": 270, "texture": "#0"},
				"up": {"uv": [0, 0, 0, 2], "rotation": 180, "texture": "#missing"},
				"down": {"uv": [0, 0, 0, 2], "rotation": 180, "texture": "#missing"}
			}
		},
		{
			"name": "string2",
			"from": [7.5, 4.4, 10.25],
			"to": [7.5, 12.4, 10.75],
			"rotation": {"angle": -22.5, "axis": "x", "origin": [7.5, 12.25, 10.75]},
			"faces": {
				"north": {"uv": [0, 0, 0, 16], "rotation": 180, "texture": "#missing"},
				"east": {"uv": [2.25, 4.5, 2.5, 9], "rotation": 180, "texture": "#0"},
				"south": {"uv": [0, 0, 0, 16], "rotation": 180, "texture": "#missing"},
				"west": {"uv": [2.25, 4.5, 2.5, 9], "rotation": 180, "texture": "#0"},
				"up": {"uv": [0, 0, 0, 0.5], "texture": "#missing"},
				"down": {"uv": [0, 0, 0, 0.5], "texture": "#missing"}
			}
		},
		{
			"name": "string3",
			"from": [7.5, -1.86851, 10.69129],
			"to": [7.5, 6.13149, 11.19129],
			"rotation": {"angle": 22.5, "axis": "x", "origin": [7.5, -0.85623, 9.72903]},
			"faces": {
				"north": {"uv": [0, 0, 0, 16], "texture": "#missing"},
				"east": {"uv": [2.5, 9, 2.25, 4.5], "rotation": 180, "texture": "#0"},
				"south": {"uv": [0, 0, 0, 16], "texture": "#missing"},
				"west": {"uv": [2.5, 9, 2.25, 4.5], "rotation": 180, "texture": "#0"},
				"up": {"uv": [0, 0, 0, 0.5], "rotation": 180, "texture": "#missing"},
				"down": {"uv": [0, 0, 0, 0.5], "rotation": 180, "texture": "#missing"}
			}
		},
		{
			"name": "bolt",
			"from": [7.5, 4.75, 4.25],
			"to": [7.5, 5.25, 13.25],
			"rotation": {"angle": 0, "axis": "y", "origin": [7.5, 4.75, 3]},
			"faces": {
				"north": {"uv": [0, 0, 0, 0.125], "texture": "#missing"},
				"east": {"uv": [7, 2, 2.75, 2.25], "texture": "#0"},
				"south": {"uv": [0, 0, 0, 0.125], "texture": "#missing"},
				"west": {"uv": [2.75, 2, 7, 2.25], "texture": "#0"},
				"up": {"uv": [0, 0, 0, 1.75], "texture": "#missing"},
				"down": {"uv": [0, 0, 0, 1.75], "texture": "#missing"}
			}
		}
	],
	"gui_light": "front",
	"display": {
		"thirdperson_righthand": {
			"translation": [0.5, 1.5, 0.25],
			"scale": [1.25, 1.25, 1.25]
		},
		"thirdperson_lefthand": {
			"translation": [-0.75, 1.5, 0],
			"scale": [1.25, 1.25, 1.25]
		},
		"firstperson_righthand": {
			"rotation": [14.5, -14, -12],
			"translation": [5, 9, 0]
		},
		"firstperson_lefthand": {
			"rotation": [2, -14, -12],
			"translation": [5, 9, 0]
		},
		"ground": {
			"rotation": [0, 0, 90],
			"translation": [-3.5, -1.75, 1.75]
		},
		"gui": {
			"rotation": [-90, -135, -90],
			"translation": [-0.25, 2.5, 0],
			"scale": [0.75, 0.75, 0.75]
		},
		"head": {
			"rotation": [-90, -62.25, -90],
			"translation": [3.5, -7, 0],
			"scale": [2, 2, 2]
		},
		"fixed": {
			"rotation": [0, -90, 0],
			"translation": [-2.25, 12.25, -1],
			"scale": [4, 4, 4]
		}
	},
	"groups": [
		{
			"name": "bow",
			"origin": [7.5, 10, 7.5],
			"color": 0,
			"children": [0, 1, 2, 3, 4]
		},
		{
			"name": "dec",
			"origin": [8, 8, 8],
			"color": 0,
			"children": [5, 6, 7, 8, 9, 10, 11, 12, 13]
		},
		14,
		15,
		16
	]
}