{
"entity.arrow.shoot":{"replace":true, "sounds":["bow"]},
"fx.open":{"sounds":["open"]},
"fx.warning":{"sounds":["warning"]},
"fx.breakerhit":{"sounds":["breakerhit"]},
"fx.breakershot":{"sounds":["breakershot"]},
"fx.circuit":{"sounds":["circuit"]},
"fx.end":{"sounds":["end"]},
"fx.notification":{"sounds":["notification"]},

"block.chest.open": {"replace":true, "category": "record","sounds": ["click"]},
"block.chest.close": {"replace":true, "category": "record","sounds": ["click"]},
"entity.player.hurt": {"replace":true},
"block.portal.ambient": {"replace":true},
"block.portal.travel": {"replace":true},
"block.portal.trigger": {"replace":true},
"block.campfire.crackle": {"replace":true},
"item.totem.use": {"replace":true},
"block.water.ambient": {"replace":true},
"entity.player.big_fall": {"replace":true},
"entity.player.small_fall": {"replace":true},
"item.armor.equip_leather": {"replace":true}
}