{
"entity.arrow.shoot":{"replace":true, "sounds":["bow"]},
"fx.open":{"sounds":["open"]},
"fx.warning":{"sounds":["warning"]},

"block.chest.open": {"replace":true, "category": "record","sounds": ["click"]},
"block.chest.close": {"replace":true, "category": "record","sounds": ["click"]},
"entity.player.hurt": {"replace":true},
"block.portal.ambient": {"replace":true},
"block.portal.travel": {"replace":true},
"block.portal.trigger": {"replace":true},
"block.campfire.crackle": {"replace":true},
"item.totem.use": {"replace":true},
"item.armor.equip_leather": {"replace":true}
}