{
	"credit": "@LunaAF",
	"texture_size": [32, 32],
	"textures": {
		"0": "item/battery",
		"particle": "item/battery"
	},
	"elements": [
		{
			"from": [5, 0, 5],
			"to": [11, 8, 11],
			"faces": {
				"north": {"uv": [0, 0, 6, 8], "texture": "#0"},
				"east": {"uv": [6.5, 0, 12.5, 8], "texture": "#0"},
				"south": {"uv": [0, 0, 6, 8], "texture": "#0"},
				"west": {"uv": [6.5, 0, 12.5, 8], "texture": "#0"},
				"up": {"uv": [6.5, 8.5, 12.5, 14.5], "texture": "#0"},
				"down": {"uv": [0, 8.5, 6, 14.5], "texture": "#0"}
			}
		},
		{
			"from": [6.5, 8, 6.5],
			"to": [9.5, 8.5, 9.5],
			"faces": {
				"north": {"uv": [8, 10, 11, 10.5], "texture": "#0"},
				"east": {"uv": [10.5, 10, 11, 13], "rotation": 90, "texture": "#0"},
				"south": {"uv": [8, 12.5, 11, 13], "texture": "#0"},
				"west": {"uv": [8, 10, 11, 10.5], "texture": "#0"},
				"up": {"uv": [8, 10, 11, 13], "texture": "#0"},
				"down": {"uv": [0, 0, 1.5, 1.5], "texture": "#missing"}
			}
		}
	],
	"gui_light": "front",
	"display": {
		"thirdperson_righthand": {
			"rotation": [39, 0, 0],
			"translation": [0.25, 1.5, -0.25],
			"scale": [0.5, 0.5, 0.5]
		},
		"thirdperson_lefthand": {
			"rotation": [39, 0, 0],
			"translation": [0.25, 1.5, -0.25],
			"scale": [0.5, 0.5, 0.5]
		},
		"firstperson_righthand": {
			"rotation": [0, -68.25, 17.75],
			"translation": [0.25, 4.5, 1],
			"scale": [0.5, 0.5, 0.5]
		},
		"firstperson_lefthand": {
			"rotation": [0, -68.25, 17.75],
			"translation": [0.25, 4.5, 1],
			"scale": [0.5, 0.5, 0.5]
		},
		"ground": {
			"translation": [0, 4.75, 0]
		},
		"gui": {
			"rotation": [17.75, -35.5, 0],
			"translation": [0, 2.5, 0]
		},
		"fixed": {
			"rotation": [-90, 0, 0],
			"translation": [0, 0, -16],
			"scale": [2, 2, 2]
		}
	}
}