{
	"credit": "@LunaAF",
	"texture_size": [64, 64],
	"textures": {
		"0": "item/drabber",
		"particle": "item/drabber"
	},"overrides": [
		{"predicate": {"custom_model_data":1},"model":"item/drabber/drabberred"},
		{"predicate": {"custom_model_data":2},"model":"item/drabber/drabberblue"}
	],
	"elements": [
		{
			"from": [7.25, 7.75, 10.25],
			"to": [8.75, 9.25, 17.25],
			"rotation": {"angle": 22.5, "axis": "x", "origin": [8.25, 8.75, 13.75]},
			"faces": {
				"north": {"uv": [0, 0, 1.5, 1.5], "texture": "#missing"},
				"east": {"uv": [5.5, 0.75, 2, 1.5], "texture": "#0"},
				"south": {"uv": [0, 0, 1.5, 1.5], "texture": "#missing"},
				"west": {"uv": [2, 0.75, 5.5, 1.5], "texture": "#0"},
				"up": {"uv": [2, 0, 5.5, 0.75], "rotation": 90, "texture": "#0"},
				"down": {"uv": [5.5, 1.5, 2, 2.25], "rotation": 90, "texture": "#0"}
			}
		},
		{
			"from": [8, 5.6, 11.75],
			"to": [8, 7.6, 16.75],
			"rotation": {"angle": 22.5, "axis": "x", "origin": [9, 6.6, 13.75]},
			"faces": {
				"north": {"uv": [0, 0, 0, 2], "texture": "#missing"},
				"east": {"uv": [8.75, 0, 11.25, 1], "texture": "#0"},
				"south": {"uv": [0, 0, 0, 2], "texture": "#missing"},
				"west": {"uv": [11.25, 0, 8.75, 1], "texture": "#0"},
				"up": {"uv": [0, 0, 0, 5], "texture": "#missing"},
				"down": {"uv": [0, 0, 0, 5], "texture": "#missing"}
			}
		},
		{
			"from": [6.75, 7.25, 17.25],
			"to": [9.25, 9.75, 19.75],
			"rotation": {"angle": 22.5, "axis": "x", "origin": [8.25, 8.75, 13.75]},
			"faces": {
				"north": {"uv": [1, 0, 2, 1], "texture": "#0"},
				"east": {"uv": [1, 0, 2, 1], "texture": "#0"},
				"south": {"uv": [1, 0, 2, 1], "texture": "#0"},
				"west": {"uv": [1, 0, 2, 1], "texture": "#0"},
				"up": {"uv": [0, 0, 1, 1], "texture": "#0"},
				"down": {"uv": [0, 1, 1, 2], "texture": "#0"}
			}
		},
		{
			"from": [1, 8, 10],
			"to": [7, 14, 11],
			"rotation": {"angle": -22.5, "axis": "x", "origin": [4, 11, 10.5]},
			"faces": {
				"north": {"uv": [5.5, 0.25, 8.5, 3.25], "texture": "#0"},
				"east": {"uv": [8.25, 0.25, 8.75, 3.25], "texture": "#0"},
				"south": {"uv": [5.5, 0.25, 8.5, 3.25], "texture": "#0"},
				"west": {"uv": [8.75, 0.25, 8.25, 3.25], "texture": "#0"},
				"up": {"uv": [5.5, 0, 8.5, 0.5], "texture": "#0"},
				"down": {"uv": [5.5, 3, 8.5, 3.5], "texture": "#0"}
			}
		},
		{
			"from": [7, 8.25, 2.75],
			"to": [9, 10.75, 10.75],
			"rotation": {"angle": 0, "axis": "y", "origin": [0, 6, 5]},
			"faces": {
				"north": {"uv": [3.75, 3, 4.75, 4.25], "texture": "#0"},
				"east": {"uv": [0, 3, 4, 4.25], "texture": "#0"},
				"south": {"uv": [3.75, 3, 4.75, 4.25], "texture": "#0"},
				"west": {"uv": [4, 3, 0, 4.25], "texture": "#0"},
				"up": {"uv": [4, 2.25, 0, 3.25], "rotation": 90, "texture": "#0"},
				"down": {"uv": [0, 4, 4, 4.25], "rotation": 90, "texture": "#0"}
			}
		},
		{
			"from": [6.5, 8.5, -1.25],
			"to": [6.5, 12.5, 10.75],
			"rotation": {"angle": 22.5, "axis": "z", "origin": [6.5, 10.5, 4.75]},
			"faces": {
				"north": {"uv": [0, 0, 2, 0], "rotation": 270, "texture": "#missing"},
				"east": {"uv": [6, 6.25, 0, 4.25], "rotation": 180, "texture": "#0"},
				"south": {"uv": [0, 0, 2, 0], "rotation": 90, "texture": "#missing"},
				"west": {"uv": [0, 6.25, 6, 4.25], "rotation": 180, "texture": "#0"},
				"up": {"uv": [0, 0, 3, 0], "rotation": 90, "texture": "#missing"},
				"down": {"uv": [0, 0, 3, 0], "rotation": 90, "texture": "#missing"}
			}
		},
		{
			"from": [9.5, 8.5, -1.25],
			"to": [9.5, 12.5, 10.75],
			"rotation": {"angle": -22.5, "axis": "z", "origin": [9.5, 10.5, 4.75]},
			"faces": {
				"north": {"uv": [0, 0, 2, 0], "rotation": 270, "texture": "#missing"},
				"east": {"uv": [6, 6.25, 0, 4.25], "rotation": 180, "texture": "#0"},
				"south": {"uv": [0, 0, 2, 0], "rotation": 90, "texture": "#missing"},
				"west": {"uv": [0, 6.25, 6, 4.25], "rotation": 180, "texture": "#0"},
				"up": {"uv": [0, 0, 3, 0], "rotation": 90, "texture": "#missing"},
				"down": {"uv": [0, 0, 3, 0], "rotation": 90, "texture": "#missing"}
			}
		},
		{
			"from": [8.75, 8, 3.25],
			"to": [12.75, 8, 10.25],
			"rotation": {"angle": -22.5, "axis": "z", "origin": [10.75, 8, 9.25]},
			"faces": {
				"north": {"uv": [0, 0, 2, 0], "rotation": 180, "texture": "#missing"},
				"east": {"uv": [0, 0, 3, 0], "rotation": 180, "texture": "#missing"},
				"south": {"uv": [0, 0, 2, 0], "rotation": 180, "texture": "#missing"},
				"west": {"uv": [0, 0, 3, 0], "rotation": 180, "texture": "#missing"},
				"up": {"uv": [0.25, 6.25, 3.75, 8.25], "rotation": 270, "texture": "#0"},
				"down": {"uv": [3.75, 6.25, 0.25, 8.25], "rotation": 270, "texture": "#0"}
			}
		},
		{
			"from": [3.25, 8, 3.25],
			"to": [7.25, 8, 10.25],
			"rotation": {"angle": 22.5, "axis": "z", "origin": [5.25, 8, 9.25]},
			"faces": {
				"north": {"uv": [0, 0, 2, 0], "texture": "#missing"},
				"east": {"uv": [0, 0, 3, 0], "texture": "#missing"},
				"south": {"uv": [0, 0, 2, 0], "texture": "#missing"},
				"west": {"uv": [0, 0, 3, 0], "texture": "#missing"},
				"up": {"uv": [3.75, 6.25, 0.25, 8.25], "rotation": 90, "texture": "#0"},
				"down": {"uv": [0.25, 6.25, 3.75, 8.25], "rotation": 90, "texture": "#0"}
			}
		},
		{
			"from": [8, 6.5, -0.25],
			"to": [8, 8.5, 11.75],
			"rotation": {"angle": 0, "axis": "y", "origin": [1, 4.25, 2]},
			"faces": {
				"north": {"uv": [0, 0, 0, 0.5], "texture": "#missing"},
				"east": {"uv": [0, 8.25, 6, 9.25], "texture": "#0"},
				"south": {"uv": [0, 0, 0, 0.5], "texture": "#missing"},
				"west": {"uv": [6, 8.25, 0, 9.25], "texture": "#0"},
				"up": {"uv": [0, 0, 0, 3], "texture": "#missing"},
				"down": {"uv": [0, 0, 0, 3], "texture": "#missing"}
			}
		},
		{
			"from": [7, 8.5, 1.5],
			"to": [9, 10.5, 2.5],
			"faces": {
				"north": {"uv": [6, 4.25, 7, 5.25], "texture": "#0"},
				"east": {"uv": [6.75, 4.25, 7.25, 5.25], "texture": "#0"},
				"south": {"uv": [6, 4.25, 7, 5.25], "texture": "#0"},
				"west": {"uv": [7.25, 4.25, 6.75, 5.25], "texture": "#0"},
				"up": {"uv": [6, 4, 7, 4.5], "texture": "#0"},
				"down": {"uv": [7, 4.5, 6, 4], "texture": "#0"}
			}
		},
		{
			"from": [7.25, 10.75, 2.75],
			"to": [8.75, 12.25, 2.75],
			"faces": {
				"north": {"uv": [11.25, 0, 12, 0.75], "texture": "#0"},
				"east": {"uv": [0, 0, 0, 0.375], "texture": "#missing"},
				"south": {"uv": [11.25, 0, 12, 0.75], "texture": "#0"},
				"west": {"uv": [0, 0, 0, 0.375], "texture": "#missing"},
				"up": {"uv": [0, 0, 0.375, 0], "texture": "#missing"},
				"down": {"uv": [0, 0, 0.375, 0], "texture": "#missing"}
			}
		}
	],
	"gui_light": "front",
	"display": {
		"thirdperson_righthand": {
			"rotation": [64.25, 0, 0],
			"translation": [0, 5.25, -3.75],
			"scale": [1.4, 1.4, 1.4]
		},
		"firstperson_righthand": {
			"rotation": [-1, 15, 22],
			"translation": [1.5, 0.75, -2],
			"scale": [1.4, 1.4, 1.4]
		},
		"ground": {
			"rotation": [0, 0, -91],
			"translation": [0, 0.5, -3],
			"scale": [1.25, 1.25, 1.25]
		},
		"gui": {
			"rotation": [90, -62, 90],
			"translation": [1, -0.25, 0],
			"scale": [0.9, 0.9, 0.9]
		},
		"head": {
			"rotation": [90.74, -37.14, -90.11],
			"translation": [0, -6, 5.25],
			"scale": [2, 2, 2]
		},
		"fixed": {
			"rotation": [-90, 0, 0],
			"translation": [0, -2.25, -4.75],
			"scale": [2, 2, 2]
		}
	}
}