{
	"credit": "@LunaAF",
	"texture_size": [32, 32],
	"textures": {
		"1": "item/glasses",
		"particle": "item/glasses"
	},
	"overrides": [
		{"predicate": {"custom_model_data":1},"model":"item/aviatorsflower/aviatorsflowerright"},
		{"predicate": {"custom_model_data":2},"model":"item/aviatorsflower/aviatorsflowerfront"},
		{"predicate": {"custom_model_data":3},"model":"item/aviatorsflower/aviatorsflowerleft"},
		{"predicate": {"custom_model_data":4},"model":"item/aviatorsflower/aviatorsflowerback"}
	],
	"elements": [
		{
			"from": [2.5, 15.25, 3],
			"to": [12.5, 19.25, 13],
			"faces": {
				"north": {"uv": [0, 0, 10, 4], "texture": "#1"},
				"east": {"uv": [5, 14.5, 0, 9.5], "texture": "#1"},
				"south": {"uv": [10, 0, 0, 4], "texture": "#1"},
				"west": {"uv": [0, 4, 10, 8], "texture": "#1"},
				"up": {"uv": [5, 14.5, 0, 9.5], "texture": "#1"},
				"down": {"uv": [5, 14.5, 0, 9.5], "texture": "#1"}
			}
		},
		{
			"from": [12.5, 19.25, 13],
			"to": [2.5, 15.25, 3],
			"rotation": {"angle": 0, "axis": "z", "origin": [-2.5, 13.25, -2]},
			"faces": {
				"north": {"uv": [0, 0, 10, 4], "rotation": 180, "texture": "#1"},
				"east": {"uv": [0, 4, 10, 8], "rotation": 180, "texture": "#1"},
				"south": {"uv": [10, 0, 0, 4], "rotation": 180, "texture": "#1"},
				"west": {"uv": [5, 14.5, 0, 9.5], "rotation": 180, "texture": "#1"},
				"up": {"uv": [5, 14.5, 0, 9.5], "rotation": 180, "texture": "#1"},
				"down": {"uv": [5, 14.5, 0, 9.5], "rotation": 180, "texture": "#1"}
			}
		},
		{
			"from": [2.4, 17.25, 2.6],
			"to": [4.4, 18.25, 3.1],
			"faces": {
				"north": {"uv": [11.5, 0.5, 13.5, 1.5], "texture": "#1"},
				"east": {"uv": [11.5, 0.5, 12, 1.5], "texture": "#1"},
				"south": {"uv": [13.5, 0.5, 11.5, 1.5], "texture": "#1"},
				"west": {"uv": [13, 0.5, 13.5, 1.5], "texture": "#1"},
				"up": {"uv": [13.5, 0.5, 11.5, 1], "texture": "#1"},
				"down": {"uv": [13.5, 1, 11.5, 1.5], "texture": "#1"}
			}
		}
	],
	"display": {
		"thirdperson_righthand": {
			"scale": [0, 0, 0]
		},
		"thirdperson_lefthand": {
			"scale": [0, 0, 0]
		},
		"firstperson_righthand": {
			"scale": [0, 0, 0]
		},
		"firstperson_lefthand": {
			"scale": [0, 0, 0]
		},
		"ground": {
			"scale": [0, 0, 0]
		},
		"gui": {
			"rotation": [0, 109, 0],
			"translation": [-0.25, -13.75, 0],
			"scale": [1.33, 1.33, 1.33]
		},
		"head": {
			"rotation": [0, -90, 0],
			"translation": [0, -17, 0],
			"scale": [1.5, 1.5, 1.5]
		}
	}
}