{
	"credit": "@LunaAF",
	"texture_size": [64, 64],
	"textures": {
		"0": "item/backpack",
		"1": "item/battery",
		"particle": "item/backpack"
	},
	"elements": [
		{
			"from": [1, 0, 7],
			"to": [7, 5, 10],
			"faces": {
				"north": {"uv": [0, 9.25, 3, 11.75], "texture": "#0"},
				"east": {"uv": [6.5, 2, 5, 4.5], "texture": "#0"},
				"south": {"uv": [0, 2, 3, 4.5], "texture": "#0"},
				"west": {"uv": [5, 2, 6.5, 4.5], "texture": "#0"},
				"up": {"uv": [0, 2, 3, 2.25], "texture": "#0"},
				"down": {"uv": [0, 5.5, 3, 7], "texture": "#0"}
			}
		},
		{
			"from": [1, 5, 7],
			"to": [7, 9, 9],
			"faces": {
				"north": {"uv": [0, 7, 3, 9], "texture": "#0"},
				"east": {"uv": [6, 0, 5, 2], "texture": "#0"},
				"south": {"uv": [0, 0, 3, 2], "texture": "#0"},
				"west": {"uv": [5, 0, 6, 2], "texture": "#0"},
				"up": {"uv": [0, 5.5, 3, 4.5], "texture": "#0"},
				"down": {"uv": [0, 6.25, 3, 7], "texture": "#0"}
			}
		},
		{
			"from": [2, 4, 9],
			"to": [6, 8, 10.1],
			"faces": {
				"north": {"uv": [3, 0, 5, 2], "texture": "#0"},
				"east": {"uv": [3, 0, 3.25, 2], "texture": "#0"},
				"south": {"uv": [3, 0, 5, 2], "texture": "#0"},
				"west": {"uv": [3, 0, 3.25, 2], "texture": "#0"},
				"up": {"uv": [3, 0, 5, 0.25], "texture": "#0"},
				"down": {"uv": [3, 1.75, 5, 2], "texture": "#0"}
			}
		},
		{
			"from": [-0.25, 2, 3.1],
			"to": [1.25, 11, 7.1],
			"faces": {
				"north": {"uv": [9, 0.5, 8.25, 5], "texture": "#0"},
				"east": {"uv": [10.75, 0.5, 8.75, 5], "texture": "#0"},
				"south": {"uv": [10.5, 0.5, 11.25, 5], "texture": "#0"},
				"west": {"uv": [8.5, 0.5, 6.5, 5], "texture": "#0"},
				"up": {"uv": [6.5, 0, 8.5, 0.75], "rotation": 270, "texture": "#0"},
				"down": {"uv": [6.5, 0, 6.75, 0.75], "rotation": 270, "texture": "#0"}
			}
		},
		{
			"from": [1.25, 11, 7.1],
			"to": [-0.25, 2, 3.1],
			"rotation": {"angle": 0, "axis": "y", "origin": [-1, 9.5, 5]},
			"faces": {
				"north": {"uv": [11.25, 0.5, 10.5, 5], "rotation": 180, "texture": "#0"},
				"east": {"uv": [10.75, 0.5, 8.75, 5], "rotation": 180, "texture": "#0"},
				"south": {"uv": [9, 0.5, 8.25, 5], "rotation": 180, "texture": "#0"},
				"west": {"uv": [8.5, 0.5, 6.5, 5], "rotation": 180, "texture": "#0"},
				"up": {"uv": [6.5, 0, 6.75, 0.75], "rotation": 270, "texture": "#0"},
				"down": {"uv": [6.5, 0, 8.5, 0.75], "rotation": 270, "texture": "#0"}
			}
		},
		{
			"from": [7.75, 11, 7.1],
			"to": [6.25, 2, 3.1],
			"rotation": {"angle": 0, "axis": "y", "origin": [-1, 9.5, 5]},
			"faces": {
				"north": {"uv": [10.5, 0.5, 11.25, 5], "rotation": 180, "texture": "#0"},
				"east": {"uv": [10.75, 0.5, 8.75, 5], "rotation": 180, "texture": "#0"},
				"south": {"uv": [8.25, 0.5, 9, 5], "rotation": 180, "texture": "#0"},
				"west": {"uv": [8.5, 0.5, 6.5, 5], "rotation": 180, "texture": "#0"},
				"up": {"uv": [6.5, 0, 6.75, 0.75], "rotation": 270, "texture": "#0"},
				"down": {"uv": [6.5, 0, 8.5, 0.75], "rotation": 270, "texture": "#0"}
			}
		},
		{
			"from": [6.25, 2, 3.1],
			"to": [7.75, 11, 7.1],
			"faces": {
				"north": {"uv": [8.25, 0.5, 9, 5], "texture": "#0"},
				"east": {"uv": [6.5, 0.5, 8.5, 5], "texture": "#0"},
				"south": {"uv": [11.25, 0.5, 10.5, 5], "texture": "#0"},
				"west": {"uv": [8.75, 0.5, 10.75, 5], "texture": "#0"},
				"up": {"uv": [6.5, 0.75, 8.5, 0], "rotation": 270, "texture": "#0"},
				"down": {"uv": [6.5, 0, 6.75, 0.75], "rotation": 270, "texture": "#0"}
			}
		},
		{
			"from": [2, 0.25, 7.25],
			"to": [6, 3.25, 11.25],
			"faces": {
				"north": {"uv": [6, 8, 0, 0], "rotation": 90, "texture": "#1"},
				"east": {"uv": [6.5, 8.5, 12.5, 14.5], "rotation": 90, "texture": "#1"},
				"south": {"uv": [0, 0, 6, 8], "rotation": 90, "texture": "#1"},
				"west": {"uv": [0, 8.5, 6, 14.5], "rotation": 90, "texture": "#1"},
				"up": {"uv": [0, 0, 6, 8], "rotation": 90, "texture": "#1"},
				"down": {"uv": [0, 0, 6, 8], "rotation": 90, "texture": "#1"}
			}
		},
		{
			"from": [2, -1.15, 10.25],
			"to": [6, 0.35, 10.25],
			"rotation": {"angle": -22.5, "axis": "x", "origin": [3, -0.15, 10.25]},
			"faces": {
				"north": {"uv": [0, 11.75, 2, 12.5], "texture": "#0"},
				"east": {"uv": [0, 0, 0, 0.375], "texture": "#missing"},
				"south": {"uv": [0, 11.75, 2, 12.5], "texture": "#0"},
				"west": {"uv": [0, 0, 0, 0.375], "texture": "#missing"},
				"up": {"uv": [0, 0, 1, 0], "texture": "#missing"},
				"down": {"uv": [0, 0, 1, 0], "texture": "#missing"}
			}
		}
	],
	"gui_light": "front",
	"overrides": [
		{"predicate": {"custom_model_data": 1}, "model": "item/backpack/backpackred"},
		{"predicate": {"custom_model_data": 2}, "model": "item/backpack/backpackblue"}
	],
	"display": {
		"thirdperson_righthand": {
			"rotation": [70, 0, 0],
			"translation": [-1, 3.5, 5],
			"scale": [1.1, 1.1, 1.1]
		},
		"thirdperson_lefthand": {
			"rotation": [68.5, 0, -3],
			"translation": [-10.25, -5, 11],
			"scale": [1.1, 1.1, 1.1]
		},
		"firstperson_righthand": {
			"translation": [-2.75, 2.25, 0.25],
			"scale": [1.5, 1.5, 1.5]
		},
		"firstperson_lefthand": {
			"scale": [0, 0, 0]
		},
		"gui": {
			"rotation": [37, -38, 0],
			"translation": [2.25, -0.5, 0]
		}
	}
}