{
	"credit": "@LunaAF",
	"texture_size": [32, 32],
	"textures": {
		"0": "item/selector",
		"1": "#texture",
		"particle": "item/selector"
	},
	"elements": [
		{
			"from": [5, 7, 5],
			"to": [11, 13, 5.5],
			"faces": {
				"north": {"uv": [0, 0, 6, 6], "texture": "#0"},
				"east": {"uv": [5.5, 0, 6, 6], "texture": "#0"},
				"south": {"uv": [0, 0, 6, 6], "texture": "#0"},
				"west": {"uv": [0, 0, 0.5, 6], "texture": "#0"},
				"up": {"uv": [0, 0, 6, 0.5], "texture": "#0"},
				"down": {"uv": [0, 5.5, 6, 6], "texture": "#0"}
			}
		},
		{
			"from": [11, 7, 4.5],
			"to": [12.5, 13, 6],
			"faces": {
				"north": {"uv": [6.5, 0, 8, 6], "texture": "#0"},
				"east": {"uv": [7.5, 0, 8, 6], "texture": "#0"},
				"south": {"uv": [6.5, 0, 8, 6], "texture": "#0"},
				"west": {"uv": [6.5, 0, 7, 6], "texture": "#0"},
				"up": {"uv": [6.5, 0, 8, 0.5], "texture": "#0"},
				"down": {"uv": [6.5, 5.5, 8, 6], "texture": "#0"}
			}
		},
		{
			"from": [12.5, 7, 5.25],
			"to": [15, 13, 5.25],
			"faces": {
				"north": {"uv": [11, 0, 8.5, 6], "texture": "#0"},
				"east": {"uv": [0, 0, 0, 3], "texture": "#missing"},
				"south": {"uv": [8.5, 0, 11, 6], "texture": "#0"},
				"west": {"uv": [0, 0, 0, 3], "texture": "#missing"},
				"up": {"uv": [0, 0, 1.25, 0], "texture": "#missing"},
				"down": {"uv": [0, 0, 1.25, 0], "texture": "#missing"}
			}
		},
		{
			"from": [5.5, 7.5, 4.9],
			"to": [10.5, 12.5, 5.6],
			"faces": {
				"north": {"uv": [0, 0, 16, 16], "texture": "#1"},
				"east": {"uv": [0, 16, 0, 16], "texture": "#0"},
				"south": {"uv": [0, 0, 16, 16], "texture": "#1"},
				"west": {"uv": [0, 16, 0, 16], "texture": "#0"},
				"up": {"uv": [0, 16, 0, 16], "texture": "#0"},
				"down": {"uv": [0, 16, 0, 16], "texture": "#0"}
			}
		}
	],
	"gui_light": "front",
	"overrides": [
		{"predicate": {"custom_model_data": 1}, "model": "item/selector/selectordash"},
		{"predicate": {"custom_model_data": 2}, "model": "item/selector/selectorabove"},
		{"predicate": {"custom_model_data": 3}, "model": "item/selector/selectoraegis"},
		{"predicate": {"custom_model_data": 4}, "model": "item/selector/selectorpower"},
		{"predicate": {"custom_model_data": 5}, "model": "item/selector/selectorcharge"}
	],
	"display": {
		"thirdperson_righthand": {
			"translation": [-6.5, -3.25, 2.75]
		},
		"thirdperson_lefthand": {
			"rotation": [0, 180, 0],
			"translation": [-6.5, -3.25, -3]
		},
		"firstperson_righthand": {
			"rotation": [0, -31, 0],
			"translation": [1.75, -0.75, -2.75],
			"scale": [2, 2, 2]
		},
		"firstperson_lefthand": {
			"rotation": [0, 149, 0],
			"translation": [5.5, -0.75, -10.75],
			"scale": [2, 2, 2]
		},
		"ground": {
			"translation": [-2, 0, 2.75]
		},
		"gui": {
			"translation": [-3, -3, 0],
			"scale": [1.66, 1.66, 1.66]
		},
		"fixed": {
			"translation": [-3, -8, 7.75],
			"scale": [4, 4, 4]
		}
	}
}